id,status,hasVerifyTransaction,verifiedAt,verifiedBy,datasetVersion
noix-graines-almonds,verified,true,2026-07-30T13:45:02.627Z,KR Kinetics,1.0.0
noix-graines-peanuts,verified,true,2026-07-30T17:58:48.042Z,KR Kinetics,1.0.0
noix-graines-peanut-almond-butter,verified,true,2026-07-30T17:58:48.101Z,KR Kinetics,1.0.0
noix-graines-tahini,verified,true,2026-07-30T17:58:48.147Z,KR Kinetics,1.0.0
noix-graines-hemp-seeds,verified,true,2026-07-30T17:58:48.195Z,KR Kinetics,1.0.0
noix-graines-ground-chia-seeds,verified,true,2026-07-30T17:58:48.246Z,KR Kinetics,1.0.0
noix-graines-ground-flax-seeds,verified,true,2026-07-30T17:58:48.293Z,KR Kinetics,1.0.0
noix-graines-roasted-pumpkin-seeds,verified,true,2026-07-30T17:58:48.338Z,KR Kinetics,1.0.0
noix-graines-dehydrated-pine-nuts,verified,true,2026-07-30T17:58:48.384Z,KR Kinetics,1.0.0
noix-graines-sesame-seeds,verified,true,2026-07-30T17:58:48.429Z,KR Kinetics,1.0.0
noix-graines-oil-roasted-sunflower-seeds,verified,true,2026-07-30T17:58:48.478Z,KR Kinetics,1.0.0
noix-graines-hummus,verified,true,2026-07-30T17:58:48.525Z,KR Kinetics,1.0.0
noix-graines-cashews,verified,true,2026-07-30T17:58:48.571Z,KR Kinetics,1.0.0
noix-graines-shredded-coconut,verified,true,2026-07-30T17:58:48.619Z,KR Kinetics,1.0.0
noix-graines-walnuts,verified,true,2026-07-30T17:58:48.664Z,KR Kinetics,1.0.0
noix-graines-brazil-nuts,verified,true,2026-07-30T17:58:48.755Z,KR Kinetics,1.0.0
noix-graines-macadamia-nuts,verified,true,2026-07-30T17:58:48.809Z,KR Kinetics,1.0.0
noix-graines-oil-roasted-pecans,verified,true,2026-07-30T17:58:48.856Z,KR Kinetics,1.0.0
noix-graines-raw-pistachios,verified,true,2026-07-30T17:58:48.902Z,KR Kinetics,1.0.0
noix-graines-cup-soybeans-or-edamame,verified,true,2026-07-30T17:58:48.947Z,KR Kinetics,1.0.0
noix-graines-homemade-protein-granola,verified,true,2026-07-30T17:58:49.001Z,KR Kinetics,1.0.0
noix-graines-natural-cashew-butter,verified,true,2026-07-30T17:58:49.049Z,KR Kinetics,1.0.0
matieres-grasses-avocado,verified,true,2026-07-30T18:25:54.117Z,KR Kinetics,1.0.0
matieres-grasses-square-dark-chocolate-70,verified,true,2026-07-30T18:25:54.163Z,KR Kinetics,1.0.0
matieres-grasses-cheddar-mozzarella-cream-cheese,verified,true,2026-07-30T18:25:54.208Z,KR Kinetics,1.0.0
matieres-grasses-vegetable-oil,verified,true,2026-07-30T18:25:54.252Z,KR Kinetics,1.0.0
matieres-grasses-virgin-coconut-oil,verified,true,2026-07-30T18:25:54.296Z,KR Kinetics,1.0.0
matieres-grasses-mct-oil,verified,true,2026-07-30T18:25:55.101Z,KR Kinetics,1.0.0
matieres-grasses-whole-egg,verified,true,2026-07-30T18:25:54.340Z,KR Kinetics,1.0.0
matieres-grasses-egg-yolks,verified,true,2026-07-30T18:25:54.385Z,KR Kinetics,1.0.0
matieres-grasses-non-hydrogenated-margarine-or-butter,verified,true,2026-07-30T18:25:54.429Z,KR Kinetics,1.0.0
matieres-grasses-mayonnaise,verified,true,2026-07-30T18:25:54.472Z,KR Kinetics,1.0.0
matieres-grasses-olives-1-6-2-cm,verified,true,2026-07-30T18:25:54.517Z,KR Kinetics,1.0.0
matieres-grasses-vegetable-oil-based-vinaigrette,verified,true,2026-07-30T18:25:54.561Z,KR Kinetics,1.0.0
matieres-grasses-fish-oil,verified,true,2026-07-30T18:25:54.605Z,KR Kinetics,1.0.0
legumes-garlic,verified,true,2026-07-30T16:59:22.396Z,KR Kinetics,1.0.0
legumes-artichoke,verified,true,2026-07-30T16:59:22.442Z,KR Kinetics,1.0.0
legumes-asparagus,verified,true,2026-07-30T16:59:22.487Z,KR Kinetics,1.0.0
legumes-eggplant,verified,true,2026-07-30T16:59:22.533Z,KR Kinetics,1.0.0
legumes-beets,verified,true,2026-07-30T16:59:22.579Z,KR Kinetics,1.0.0
legumes-broccoli,verified,true,2026-07-30T16:59:22.624Z,KR Kinetics,1.0.0
legumes-kale,verified,true,2026-07-30T16:59:22.678Z,KR Kinetics,1.0.0
legumes-carrots,verified,true,2026-07-30T16:59:22.724Z,KR Kinetics,1.0.0
legumes-celery,verified,true,2026-07-30T16:59:22.768Z,KR Kinetics,1.0.0
legumes-mushrooms,verified,true,2026-07-30T16:59:22.812Z,KR Kinetics,1.0.0
legumes-brussels-sprouts,verified,true,2026-07-30T16:59:22.856Z,KR Kinetics,1.0.0
legumes-cauliflower,verified,true,2026-07-30T16:59:22.900Z,KR Kinetics,1.0.0
legumes-cucumbers,verified,true,2026-07-30T16:59:22.943Z,KR Kinetics,1.0.0
legumes-zucchini,verified,true,2026-07-30T16:59:22.987Z,KR Kinetics,1.0.0
legumes-squash,verified,true,2026-07-30T16:59:23.031Z,KR Kinetics,1.0.0
legumes-shallot,verified,true,2026-07-30T16:59:23.076Z,KR Kinetics,1.0.0
legumes-spinach,verified,true,2026-07-30T16:59:23.120Z,KR Kinetics,1.0.0
legumes-fennel,verified,true,2026-07-30T16:59:23.164Z,KR Kinetics,1.0.0
legumes-yellow-or-green-beans,verified,true,2026-07-30T16:59:23.208Z,KR Kinetics,1.0.0
legumes-vegetable-juice,verified,true,2026-07-30T16:59:23.251Z,KR Kinetics,1.0.0
legumes-romaine-lettuce,verified,true,2026-07-30T16:59:23.295Z,KR Kinetics,1.0.0
legumes-boiled-drained-turnip,verified,true,2026-07-30T16:59:23.339Z,KR Kinetics,1.0.0
legumes-onion,verified,true,2026-07-30T16:59:23.383Z,KR Kinetics,1.0.0
legumes-boiled-drained-leek,verified,true,2026-07-30T16:59:23.427Z,KR Kinetics,1.0.0
legumes-snow-peas,verified,true,2026-07-30T16:59:23.471Z,KR Kinetics,1.0.0
legumes-green-red-yellow-bell-pepper,verified,true,2026-07-30T16:59:23.514Z,KR Kinetics,1.0.0
legumes-radishes,verified,true,2026-07-30T16:59:23.558Z,KR Kinetics,1.0.0
legumes-tomato-6-6-cm-in-diameter,verified,true,2026-07-30T16:59:23.602Z,KR Kinetics,1.0.0
legumes-homemade-bone-broth,verified,true,2026-07-30T16:59:23.646Z,KR Kinetics,1.0.0
legumes-grilled-portobello-mushroom,verified,true,2026-07-30T16:59:23.691Z,KR Kinetics,1.0.0
fruits-apricots,verified,true,2026-07-30T14:44:30.057Z,KR Kinetics,1.0.0
fruits-pineapple,verified,true,2026-07-30T14:44:30.102Z,KR Kinetics,1.0.0
fruits-banana,verified,true,2026-07-30T14:44:30.145Z,KR Kinetics,1.0.0
fruits-blueberries,verified,true,2026-07-30T13:45:02.401Z,KR Kinetics,1.0.0
fruits-dried-goji-berries,verified,true,2026-07-30T14:44:30.190Z,KR Kinetics,1.0.0
fruits-cantaloupe,verified,true,2026-07-30T14:44:30.236Z,KR Kinetics,1.0.0
fruits-cherries-with-pits,verified,true,2026-07-30T14:44:30.280Z,KR Kinetics,1.0.0
fruits-clementines,verified,true,2026-07-30T14:44:30.325Z,KR Kinetics,1.0.0
fruits-medjool-date,verified,true,2026-07-30T14:44:30.369Z,KR Kinetics,1.0.0
fruits-unsweetened-applesauce,verified,true,2026-07-30T14:44:30.412Z,KR Kinetics,1.0.0
fruits-strawberries,verified,true,2026-07-30T14:44:30.456Z,KR Kinetics,1.0.0
fruits-raspberries,verified,true,2026-07-30T14:44:30.499Z,KR Kinetics,1.0.0
fruits-pure-fruit-juice-no-added-sugar,verified,true,2026-07-30T14:44:30.543Z,KR Kinetics,1.0.0
fruits-small-kiwis,verified,true,2026-07-30T14:44:30.586Z,KR Kinetics,1.0.0
fruits-mango,verified,true,2026-07-30T14:44:30.629Z,KR Kinetics,1.0.0
fruits-watermelon,verified,true,2026-07-30T14:44:30.673Z,KR Kinetics,1.0.0
fruits-blackberries,verified,true,2026-07-30T14:44:30.716Z,KR Kinetics,1.0.0
fruits-nectarine,verified,true,2026-07-30T14:44:30.760Z,KR Kinetics,1.0.0
fruits-orange,verified,true,2026-07-30T14:44:30.803Z,KR Kinetics,1.0.0
fruits-grapefruit,verified,true,2026-07-30T14:44:30.847Z,KR Kinetics,1.0.0
fruits-peach,verified,true,2026-07-30T14:44:30.890Z,KR Kinetics,1.0.0
fruits-pear,verified,true,2026-07-30T14:44:30.934Z,KR Kinetics,1.0.0
fruits-apple,verified,true,2026-07-30T14:44:30.978Z,KR Kinetics,1.0.0
fruits-pomegranate,verified,true,2026-07-30T14:44:31.022Z,KR Kinetics,1.0.0
fruits-plums,verified,true,2026-07-30T14:44:31.066Z,KR Kinetics,1.0.0
fruits-prunes,verified,true,2026-07-30T14:44:31.110Z,KR Kinetics,1.0.0
fruits-raisins,verified,true,2026-07-30T14:44:31.153Z,KR Kinetics,1.0.0
fruits-large-grapes,verified,true,2026-07-30T14:44:31.197Z,KR Kinetics,1.0.0
fruits-deglet-nour-dates,verified,true,2026-07-30T14:44:31.240Z,KR Kinetics,1.0.0
fruits-lightly-sweetened-dried-cranberries,verified,true,2026-07-30T14:44:31.284Z,KR Kinetics,1.0.0
poissons-fruits-mer-haddock,verified,true,2026-07-30T19:04:38.180Z,KR Kinetics,1.0.0
poissons-fruits-mer-eel,verified,true,2026-07-30T19:04:38.227Z,KR Kinetics,1.0.0
poissons-fruits-mer-pike,verified,true,2026-07-30T19:04:38.273Z,KR Kinetics,1.0.0
poissons-fruits-mer-caviar,verified,true,2026-07-30T19:04:38.318Z,KR Kinetics,1.0.0
poissons-fruits-mer-crab,verified,true,2026-07-30T19:04:38.363Z,KR Kinetics,1.0.0
poissons-fruits-mer-surimi,verified,true,2026-07-30T19:04:38.410Z,KR Kinetics,1.0.0
poissons-fruits-mer-shrimp,verified,true,2026-07-30T19:04:38.455Z,KR Kinetics,1.0.0
poissons-fruits-mer-snail,verified,true,2026-07-30T19:04:38.500Z,KR Kinetics,1.0.0
poissons-fruits-mer-herring,verified,true,2026-07-30T19:04:38.544Z,KR Kinetics,1.0.0
poissons-fruits-mer-lobster,verified,true,2026-07-30T19:04:38.589Z,KR Kinetics,1.0.0
poissons-fruits-mer-oysters,verified,true,2026-07-30T19:04:38.634Z,KR Kinetics,1.0.0
poissons-fruits-mer-mackerel,verified,true,2026-07-30T19:04:38.678Z,KR Kinetics,1.0.0
poissons-fruits-mer-cod,verified,true,2026-07-30T19:04:38.723Z,KR Kinetics,1.0.0
poissons-fruits-mer-mussels,verified,true,2026-07-30T19:04:38.767Z,KR Kinetics,1.0.0
poissons-fruits-mer-canned-clams,verified,true,2026-07-30T19:04:38.812Z,KR Kinetics,1.0.0
poissons-fruits-mer-scallop,verified,true,2026-07-30T19:04:38.856Z,KR Kinetics,1.0.0
poissons-fruits-mer-sole,verified,true,2026-07-30T19:04:38.901Z,KR Kinetics,1.0.0
poissons-fruits-mer-canned-sardines,verified,true,2026-07-30T19:04:38.946Z,KR Kinetics,1.0.0
poissons-fruits-mer-atlantic-salmon,verified,true,2026-07-30T19:04:38.990Z,KR Kinetics,1.0.0
poissons-fruits-mer-tuna,verified,true,2026-07-30T19:04:39.035Z,KR Kinetics,1.0.0
poissons-fruits-mer-canned-tuna-in-water-drained,verified,true,2026-07-30T19:04:39.079Z,KR Kinetics,1.0.0
poissons-fruits-mer-tilapia,verified,true,2026-07-30T19:04:39.124Z,KR Kinetics,1.0.0
poissons-fruits-mer-rainbow-trout,verified,true,2026-07-30T19:04:39.168Z,KR Kinetics,1.0.0
poissons-fruits-mer-turbot,verified,true,2026-07-30T19:04:39.213Z,KR Kinetics,1.0.0
poissons-fruits-mer-halibut,verified,true,2026-07-30T19:04:39.257Z,KR Kinetics,1.0.0
poissons-fruits-mer-canned-anchovies-in-water,verified,true,2026-07-30T19:04:39.302Z,KR Kinetics,1.0.0
viandes-volaille-lamb,verified,true,2026-07-30T19:39:32.055Z,KR Kinetics,1.0.0
viandes-volaille-bison,verified,true,2026-07-30T19:39:32.103Z,KR Kinetics,1.0.0
viandes-volaille-beef,verified,true,2026-07-30T19:39:32.147Z,KR Kinetics,1.0.0
viandes-volaille-extra-lean-ground-beef,verified,true,2026-07-30T19:39:32.193Z,KR Kinetics,1.0.0
viandes-volaille-extra-lean-sirloin-steak,verified,true,2026-07-30T19:39:32.237Z,KR Kinetics,1.0.0
viandes-volaille-lean-ground-beef,verified,true,2026-07-30T19:39:32.282Z,KR Kinetics,1.0.0
viandes-volaille-medium-ground-beef,verified,true,2026-07-30T19:39:32.325Z,KR Kinetics,1.0.0
viandes-volaille-regular-ground-beef,verified,true,2026-07-30T19:39:32.372Z,KR Kinetics,1.0.0
viandes-volaille-duck,verified,true,2026-07-30T19:39:32.417Z,KR Kinetics,1.0.0
viandes-volaille-caribou,verified,true,2026-07-30T19:39:32.464Z,KR Kinetics,1.0.0
viandes-volaille-horse,verified,true,2026-07-30T19:39:32.509Z,KR Kinetics,1.0.0
viandes-volaille-chicken-thigh,verified,true,2026-07-30T19:39:32.556Z,KR Kinetics,1.0.0
viandes-volaille-turkey,verified,true,2026-07-30T19:39:32.599Z,KR Kinetics,1.0.0
viandes-volaille-veal-cutlet,verified,true,2026-07-30T19:39:32.645Z,KR Kinetics,1.0.0
viandes-volaille-rabbit,verified,true,2026-07-30T19:39:32.689Z,KR Kinetics,1.0.0
viandes-volaille-moose,verified,true,2026-07-30T19:39:32.734Z,KR Kinetics,1.0.0
viandes-volaille-chicken-breast,verified,true,2026-07-30T13:45:03.140Z,KR Kinetics,1.0.0
viandes-volaille-lean-ground-chicken,verified,true,2026-07-30T19:39:32.778Z,KR Kinetics,1.0.0
viandes-volaille-pork,verified,true,2026-07-30T19:39:32.823Z,KR Kinetics,1.0.0
viandes-volaille-pork-tenderloin,verified,true,2026-07-30T19:39:32.866Z,KR Kinetics,1.0.0
viandes-volaille-wild-boar,verified,true,2026-07-30T19:39:32.912Z,KR Kinetics,1.0.0
viandes-volaille-sausage,verified,true,2026-07-30T19:39:32.956Z,KR Kinetics,1.0.0
viandes-volaille-ground-veal,verified,true,2026-07-30T19:39:33.003Z,KR Kinetics,1.0.0
viandes-volaille-deli-meats,verified,true,2026-07-30T19:39:33.048Z,KR Kinetics,1.0.0
viandes-volaille-elk,verified,true,2026-07-30T19:39:33.095Z,KR Kinetics,1.0.0
viandes-volaille-natural-beef-jerky,verified,true,2026-07-30T19:39:33.140Z,KR Kinetics,1.0.0
viandes-volaille-extra-lean-smoked-turkey,verified,true,2026-07-30T19:39:33.187Z,KR Kinetics,1.0.0
viandes-volaille-canned-chicken-in-water-drained,verified,true,2026-07-30T19:39:33.232Z,KR Kinetics,1.0.0
autres-sources-proteinees-egg-whites,verified,true,2026-07-30T20:21:44.481Z,KR Kinetics,1.0.0
autres-sources-proteinees-5-tbsp-pb2,verified,true,2026-07-30T20:21:44.803Z,KR Kinetics,1.0.0
autres-sources-proteinees-scoop-whey-protein,verified,true,2026-07-30T20:21:44.527Z,KR Kinetics,1.0.0
autres-sources-proteinees-scoop-plant-protein,verified,true,2026-07-30T20:21:44.575Z,KR Kinetics,1.0.0
autres-sources-proteinees-seitan,verified,true,2026-07-30T20:21:44.850Z,KR Kinetics,1.0.0
autres-sources-proteinees-core-power-fairlife,verified,true,2026-07-30T13:45:03.186Z,KR Kinetics,1.0.0
autres-sources-proteinees-tempeh,verified,true,2026-07-30T20:21:44.621Z,KR Kinetics,1.0.0
autres-sources-proteinees-firm-tofu,verified,true,2026-07-30T20:21:44.667Z,KR Kinetics,1.0.0
autres-sources-proteinees-egglife-wrap,verified,true,2026-07-30T20:21:44.904Z,KR Kinetics,1.0.0
autres-sources-proteinees-scoop-micellar-casein,verified,true,2026-07-30T20:21:44.954Z,KR Kinetics,1.0.0
autres-sources-proteinees-scoop-whey-isolate,verified,true,2026-07-30T20:21:44.998Z,KR Kinetics,1.0.0
autres-sources-proteinees-scoop-beef-protein-isolate,verified,true,2026-07-30T20:21:45.047Z,KR Kinetics,1.0.0
autres-sources-proteinees-performance-protein-bar,verified,true,2026-07-30T20:21:45.091Z,KR Kinetics,1.0.0
autres-sources-proteinees-hydrolyzed-collagen,verified,true,2026-07-30T20:21:45.138Z,KR Kinetics,1.0.0
autres-sources-proteinees-fermented-natto,verified,true,2026-07-30T20:21:44.711Z,KR Kinetics,1.0.0
autres-sources-proteinees-ready-to-drink-protein-shake,verified,true,2026-07-30T20:21:44.758Z,KR Kinetics,1.0.0
feculents-bagel,verified,true,2026-07-30T22:22:49.967Z,KR Kinetics,1.0.0
feculents-plain-oatmeal-uncooked,verified,true,2026-07-30T22:22:50.013Z,KR Kinetics,1.0.0
feculents-rolled-oats-uncooked,verified,true,2026-07-30T22:22:50.063Z,KR Kinetics,1.0.0
feculents-cooked-legumes,verified,true,2026-07-30T22:22:50.112Z,KR Kinetics,1.0.0
feculents-boiled-drained-corn,verified,true,2026-07-30T22:22:50.163Z,KR Kinetics,1.0.0
feculents-english-muffin-hot-dog-or-hamburger-bun,verified,true,2026-07-30T22:22:50.211Z,KR Kinetics,1.0.0
feculents-cooked-barley,verified,true,2026-07-30T22:22:50.260Z,KR Kinetics,1.0.0
feculents-10-2-cm-wheat-pita,verified,true,2026-07-30T22:22:50.308Z,KR Kinetics,1.0.0
feculents-cooked-pasta,verified,true,2026-07-30T22:22:50.361Z,KR Kinetics,1.0.0
feculents-mashed-potato-with-milk,verified,true,2026-07-30T22:22:50.413Z,KR Kinetics,1.0.0
feculents-medium-sweet-potato,verified,true,2026-07-30T22:22:50.462Z,KR Kinetics,1.0.0
feculents-cooked-quinoa,verified,true,2026-07-30T13:45:02.857Z,KR Kinetics,1.0.0
feculents-cooked-buckwheat,verified,true,2026-07-30T22:22:50.513Z,KR Kinetics,1.0.0
feculents-cooked-rice,verified,true,2026-07-30T22:22:50.565Z,KR Kinetics,1.0.0
feculents-jerusalem-artichoke,verified,true,2026-07-30T22:22:50.611Z,KR Kinetics,1.0.0
feculents-slice-bread,verified,true,2026-07-30T22:22:50.677Z,KR Kinetics,1.0.0
feculents-slice-sprouted-bread,verified,true,2026-07-30T22:22:50.739Z,KR Kinetics,1.0.0
feculents-lightly-sweetened-breakfast-cereal,verified,true,2026-07-30T22:22:50.801Z,KR Kinetics,1.0.0
feculents-cooked-couscous,verified,true,2026-07-30T22:22:50.851Z,KR Kinetics,1.0.0
feculents-rice-cakes,verified,true,2026-07-30T22:22:50.915Z,KR Kinetics,1.0.0
feculents-rolled-oats,verified,true,2026-07-30T22:22:50.970Z,KR Kinetics,1.0.0
feculents-cooked-beluga-lentils,verified,true,2026-07-30T22:22:51.022Z,KR Kinetics,1.0.0
feculents-slice-ezekiel-sprouted-bread,verified,true,2026-07-30T22:22:51.067Z,KR Kinetics,1.0.0
produits-laitiers-2-yogurt-no-added-sugar,verified,true,2026-07-30T21:08:09.887Z,KR Kinetics,1.0.0
produits-laitiers-greek-yogurt,verified,true,2026-07-30T21:08:09.932Z,KR Kinetics,1.0.0
produits-laitiers-plain-skyr,verified,true,2026-07-30T21:08:10.523Z,KR Kinetics,1.0.0
produits-laitiers-plain-or-fruit-kefir,verified,true,2026-07-30T21:08:09.980Z,KR Kinetics,1.0.0
produits-laitiers-cup-1-2-milk,verified,true,2026-07-30T21:08:10.027Z,KR Kinetics,1.0.0
produits-laitiers-high-protein-filtered-milk,verified,true,2026-07-30T21:08:10.568Z,KR Kinetics,1.0.0
produits-laitiers-cup-plain-almond-barley-rice-beverage,verified,true,2026-07-30T21:08:10.086Z,KR Kinetics,1.0.0
produits-laitiers-cup-vanilla-almond-barley-rice-beverage,verified,true,2026-07-30T21:08:10.146Z,KR Kinetics,1.0.0
produits-laitiers-cup-soy-beverage,verified,true,2026-07-30T21:08:10.202Z,KR Kinetics,1.0.0
produits-laitiers-bottle-core-power-fairlife,verified,true,2026-07-30T21:08:10.611Z,KR Kinetics,1.0.0
produits-laitiers-allegro-9-cheese,verified,true,2026-07-30T21:08:10.657Z,KR Kinetics,1.0.0
produits-laitiers-cottage-cheese,verified,true,2026-07-30T21:08:10.250Z,KR Kinetics,1.0.0
produits-laitiers-partly-skimmed-ricotta,verified,true,2026-07-30T21:08:10.299Z,KR Kinetics,1.0.0
produits-laitiers-light-swiss-cheese-cogruet,verified,true,2026-07-30T21:08:10.346Z,KR Kinetics,1.0.0
produits-laitiers-natrel-plus-2,verified,true,2026-07-30T21:08:10.700Z,KR Kinetics,1.0.0
produits-laitiers-le-six-pourcent-cheese,verified,true,2026-07-30T21:08:10.391Z,KR Kinetics,1.0.0
produits-laitiers-plain-greek-yogurt,verified,true,2026-07-30T21:08:10.435Z,KR Kinetics,1.0.0
produits-laitiers-protein-chocolate-milk,verified,true,2026-07-30T21:08:10.746Z,KR Kinetics,1.0.0
produits-laitiers-cottage-cheese-2,verified,true,2026-07-30T21:08:10.480Z,KR Kinetics,1.0.0
autres-sources-proteinees-core-power-fairlife-elite-vanilla-42g,verified,true,2026-07-30T13:45:03.230Z,KR Kinetics,1.0.0
fruits-apple-juice-100-pure-no-added-sugar,verified,true,2026-07-30T14:44:31.328Z,KR Kinetics,1.0.0
fruits-pineapple-juice-100-pure-no-added-sugar,verified,true,2026-07-30T14:44:31.372Z,KR Kinetics,1.0.0
fruits-grapefruit-juice-100-pure-no-added-sugar,verified,true,2026-07-30T14:44:31.416Z,KR Kinetics,1.0.0
legumes-red-bell-pepper,verified,true,2026-07-30T16:59:23.734Z,KR Kinetics,1.0.0
legumes-yellow-bell-pepper,verified,true,2026-07-30T16:59:23.779Z,KR Kinetics,1.0.0
legumes-yellow-snap-beans,verified,true,2026-07-30T16:59:23.822Z,KR Kinetics,1.0.0
legumes-cremini-mushrooms,verified,true,2026-07-30T16:59:23.867Z,KR Kinetics,1.0.0
legumes-cooked-spaghetti-squash,verified,true,2026-07-30T16:59:23.912Z,KR Kinetics,1.0.0
legumes-low-sodium-vegetable-juice,verified,true,2026-07-30T16:59:23.957Z,KR Kinetics,1.0.0
noix-graines-almond-butter-plain,verified,true,2026-07-30T17:58:49.098Z,KR Kinetics,1.0.0
noix-graines-hazelnuts-dried,verified,true,2026-07-30T17:58:49.150Z,KR Kinetics,1.0.0
noix-graines-mixed-nuts-dry-roasted-unsalted,verified,true,2026-07-30T17:58:49.199Z,KR Kinetics,1.0.0
noix-graines-sunflower-seed-butter,verified,true,2026-07-30T17:58:49.256Z,KR Kinetics,1.0.0
noix-graines-pecans-dried,verified,true,2026-07-30T17:58:49.303Z,KR Kinetics,1.0.0
noix-graines-pistachios-dry-roasted,verified,true,2026-07-30T17:58:49.347Z,KR Kinetics,1.0.0
noix-graines-roasted-soy-nuts-unsalted,verified,true,2026-07-30T17:58:49.392Z,KR Kinetics,1.0.0
noix-graines-roasted-chestnuts,verified,true,2026-07-30T17:58:49.437Z,KR Kinetics,1.0.0
noix-graines-peanuts-dry-roasted-unsalted,verified,true,2026-07-30T17:58:49.482Z,KR Kinetics,1.0.0
noix-graines-pumpkin-seeds-dried,verified,true,2026-07-30T17:58:49.537Z,KR Kinetics,1.0.0
matieres-grasses-dark-chocolate-60-69,verified,true,2026-07-30T18:25:54.650Z,KR Kinetics,1.0.0
matieres-grasses-mozzarella-cheese,verified,true,2026-07-30T18:25:54.695Z,KR Kinetics,1.0.0
matieres-grasses-cream-cheese-plain,verified,true,2026-07-30T18:25:54.742Z,KR Kinetics,1.0.0
matieres-grasses-canola-oil,verified,true,2026-07-30T18:25:54.788Z,KR Kinetics,1.0.0
matieres-grasses-peanut-oil,verified,true,2026-07-30T18:25:54.832Z,KR Kinetics,1.0.0
matieres-grasses-avocado-oil,verified,true,2026-07-30T18:25:54.876Z,KR Kinetics,1.0.0
matieres-grasses-unsalted-butter,verified,true,2026-07-30T18:25:54.921Z,KR Kinetics,1.0.0
matieres-grasses-non-hydrogenated-canola-margarine,verified,true,2026-07-30T18:25:54.968Z,KR Kinetics,1.0.0
matieres-grasses-green-olives,verified,true,2026-07-30T18:25:55.014Z,KR Kinetics,1.0.0
matieres-grasses-reduced-fat-mayonnaise,verified,true,2026-07-30T18:25:55.058Z,KR Kinetics,1.0.0
poissons-fruits-mer-sockeye-salmon,verified,true,2026-07-30T19:04:39.347Z,KR Kinetics,1.0.0
poissons-fruits-mer-smoked-chinook-salmon,verified,true,2026-07-30T19:04:39.393Z,KR Kinetics,1.0.0
poissons-fruits-mer-canned-pink-salmon,verified,true,2026-07-30T19:04:39.438Z,KR Kinetics,1.0.0
poissons-fruits-mer-canned-white-tuna-water,verified,true,2026-07-30T19:04:39.483Z,KR Kinetics,1.0.0
poissons-fruits-mer-canned-light-tuna-oil,verified,true,2026-07-30T19:04:39.530Z,KR Kinetics,1.0.0
poissons-fruits-mer-alaska-pollock,verified,true,2026-07-30T19:04:39.574Z,KR Kinetics,1.0.0
poissons-fruits-mer-octopus,verified,true,2026-07-30T19:04:39.618Z,KR Kinetics,1.0.0
poissons-fruits-mer-swordfish,verified,true,2026-07-30T19:04:39.663Z,KR Kinetics,1.0.0
poissons-fruits-mer-mahi-mahi,verified,true,2026-07-30T19:04:39.707Z,KR Kinetics,1.0.0
poissons-fruits-mer-sea-bass,verified,true,2026-07-30T19:04:39.752Z,KR Kinetics,1.0.0
viandes-volaille-beef-tenderloin-steak,verified,true,2026-07-30T19:39:33.279Z,KR Kinetics,1.0.0
viandes-volaille-beef-ribeye-steak,verified,true,2026-07-30T19:39:33.324Z,KR Kinetics,1.0.0
viandes-volaille-chicken-drumstick,verified,true,2026-07-30T19:39:33.371Z,KR Kinetics,1.0.0
viandes-volaille-chicken-thigh-with-skin,verified,true,2026-07-30T19:39:33.416Z,KR Kinetics,1.0.0
viandes-volaille-ground-turkey,verified,true,2026-07-30T19:39:33.461Z,KR Kinetics,1.0.0
viandes-volaille-pork-centre-chop,verified,true,2026-07-30T19:39:33.507Z,KR Kinetics,1.0.0
viandes-volaille-pork-shoulder,verified,true,2026-07-30T19:39:33.554Z,KR Kinetics,1.0.0
viandes-volaille-bacon-cooked,verified,true,2026-07-30T19:39:33.599Z,KR Kinetics,1.0.0
viandes-volaille-venison,verified,true,2026-07-30T19:39:33.646Z,KR Kinetics,1.0.0
viandes-volaille-turkey-bacon,verified,true,2026-07-30T19:39:33.691Z,KR Kinetics,1.0.0
autres-sources-proteinees-extra-firm-tofu,verified,true,2026-07-30T20:21:45.185Z,KR Kinetics,1.0.0
autres-sources-proteinees-silken-firm-tofu,verified,true,2026-07-30T20:21:45.231Z,KR Kinetics,1.0.0
autres-sources-proteinees-cooked-tempeh,verified,true,2026-07-30T20:21:45.276Z,KR Kinetics,1.0.0
autres-sources-proteinees-soy-protein-isolate,verified,true,2026-07-30T20:21:45.324Z,KR Kinetics,1.0.0
autres-sources-proteinees-egg-substitute-powder,verified,true,2026-07-30T20:21:45.369Z,KR Kinetics,1.0.0
autres-sources-proteinees-liquid-egg-whites-burnbrae,verified,true,2026-07-30T20:21:45.417Z,KR Kinetics,1.0.0
autres-sources-proteinees-now-pea-protein-vanilla-toffee,verified,true,2026-07-30T20:21:45.461Z,KR Kinetics,1.0.0
autres-sources-proteinees-now-sprouted-brown-rice-protein,verified,true,2026-07-30T20:21:45.509Z,KR Kinetics,1.0.0
autres-sources-proteinees-premier-protein-chocolate-peanut-butter,verified,true,2026-07-30T20:21:45.553Z,KR Kinetics,1.0.0
autres-sources-proteinees-optimum-hydrowhey-strawberry,verified,true,2026-07-30T20:21:45.599Z,KR Kinetics,1.0.0
produits-laitiers-yogurt-fat-free-plain,verified,true,2026-07-30T21:08:10.790Z,KR Kinetics,1.0.0
produits-laitiers-greek-yogurt-fat-free-fruit,verified,true,2026-07-30T21:08:10.836Z,KR Kinetics,1.0.0
produits-laitiers-kefir-fruit-low-fat,verified,true,2026-07-30T21:08:10.881Z,KR Kinetics,1.0.0
produits-laitiers-skim-milk,verified,true,2026-07-30T21:08:10.928Z,KR Kinetics,1.0.0
produits-laitiers-whole-milk,verified,true,2026-07-30T21:08:10.971Z,KR Kinetics,1.0.0
produits-laitiers-oat-quinoa-beverage-unsweetened,verified,true,2026-07-30T21:08:11.018Z,KR Kinetics,1.0.0
produits-laitiers-rice-beverage-unsweetened,verified,true,2026-07-30T21:08:11.061Z,KR Kinetics,1.0.0
produits-laitiers-soy-beverage-vanilla,verified,true,2026-07-30T21:08:11.107Z,KR Kinetics,1.0.0
produits-laitiers-quark-fat-free-plain,verified,true,2026-07-30T21:08:11.151Z,KR Kinetics,1.0.0
produits-laitiers-goat-milk-whole,verified,true,2026-07-30T21:08:11.197Z,KR Kinetics,1.0.0
feculents-cooked-brown-rice,verified,true,2026-07-30T22:22:51.115Z,KR Kinetics,1.0.0
feculents-cooked-whole-wheat-pasta,verified,true,2026-07-30T22:22:51.160Z,KR Kinetics,1.0.0
feculents-boiled-potato,verified,true,2026-07-30T22:22:51.209Z,KR Kinetics,1.0.0
feculents-corn-tortilla,verified,true,2026-07-30T22:22:51.257Z,KR Kinetics,1.0.0
feculents-flour-tortilla,verified,true,2026-07-30T22:22:51.306Z,KR Kinetics,1.0.0
feculents-hamburger-hot-dog-bun,verified,true,2026-07-30T22:22:51.366Z,KR Kinetics,1.0.0
feculents-cooked-black-beans,verified,true,2026-07-30T22:22:51.437Z,KR Kinetics,1.0.0
feculents-cooked-bulgur,verified,true,2026-07-30T22:22:51.484Z,KR Kinetics,1.0.0
feculents-cooked-millet,verified,true,2026-07-30T22:22:51.534Z,KR Kinetics,1.0.0
feculents-rye-bread,verified,true,2026-07-30T22:22:51.579Z,KR Kinetics,1.0.0
